topic_id,uuid,target_event,option_A,option_B,option_C,option_D,golden_answer,event_word_count,option_A_len,option_B_len,option_C_len,option_D_len,avg_option_len,context_similarity,event_options_similarity,correct_option_similarity
4,02777771-93de-450d-9a16-b08b25f2e2c8,Videos of the assassination circulated on social media.,The shooter used a handmade gun.,"Security arrested the suspected gunman, Tetsuya Yamagami.",Shinzo Abe became the deputy chief cabinet secretary in the early 2000s.,A man fired twice at Shinzo Abe.,D,8,6,7,12,7,8.0,0.00671174959887076,0.0,0.0
3,42359370-0cc8-475d-bb3e-90623f86e5df,Trump was impeached for a second time on January 13th.,Pipe bombs were reported at the Republican National Committee building and the Democratic National Committee headquarters.,Trump addressed the crowd.,None of the others are correct causes.,"Trump supporters protested in Washington, D.C.",C,10,16,4,7,6,8.25,0.08778672877110412,0.056566957894833236,0.0
7,a82409ed-dddc-4779-81a7-83a872685c10,The impeachment motion against President Yoon failed.,Opposition legislators filed an impeachment motion against President Yoon on Wednesday.,None of the others are correct causes.,Baek Jae Gil performed his protest anthem for thousands outside the National Assembly in Seoul.,President Yoon Suk Yeol declared martial law on December 3 and sent soldiers to parliament.,B,7,11,7,15,15,12.0,0.2935042947055134,0.16330417452925033,0.0
4,646e4473-68a8-4b6a-8e5a-c788c717f856,Social media companies removed harmful content.,Shinzo Abe became the deputy chief cabinet secretary in the early 2000s.,Yoshihide Suga succeeded Shinzo Abe in September 2020.,Shinzo Abe offered to host a peace summit in 2017.,Videos of the assassination circulated on social media.,D,6,12,8,10,8,9.5,0.0,0.06814834072329272,0.2725933628931709
5,4778d001-0f67-4d20-bf62-7082caa1619b,"On November 10, Musk stated bankruptcy was possible for Twitter if it didn't increase revenue.",Twitter sued Elon Musk to force the acquisition.,Elon Musk changed his profile to ‘Chief Twit’.,None of the others are correct causes.,Elon Musk signed a deal to acquire Twitter in April.,C,15,8,8,7,10,8.25,0.16588276596735832,0.07210112293715251,0.0
10,3be8f056-efa0-44fb-9c18-708e9783a9a9,President Trump announced a plan to impose additional 25% tariffs on Canadian steel and aluminum imports.,"William McKinley was shot by anarchist Leon Czolgosz on Sept. 6, 1901.",The 16th Amendment was ratified in 1913.,President Trump placed 25% tariffs on imports from Canada.,Ontario placed a 25% tax on electricity exports to the U.S.,C,16,12,7,9,11,9.75,0.3215251618336527,0.1266369069375504,0.443902857620846
7,e172a3e3-df02-46f3-8726-aa8c7e6a40f0,South Korea’s parliament voted to impeach President Yoon Suk Yeol.,Yoon's senior aides and defense minister offered to resign.,Hundreds of soldiers stormed the National Assembly.,Tens of thousands of protesters gathered outside the National Assembly in Seoul.,President Yoon Suk Yeol declared martial law on December 3 and sent soldiers to parliament.,"B,D",10,9,7,12,15,10.75,0.6116218454942287,0.11402570170936602,
10,bf0eb115-f4a4-4daa-80db-da92cf132db0,Ontario placed a 25% tax on electricity exports to the U.S.,President Trump placed 25% tariffs on imports from Canada.,"William McKinley was shot by anarchist Leon Czolgosz on Sept. 6, 1901.",The 16th Amendment was ratified in 1913.,"William McKinley died on Sept. 14, 1901.",A,11,9,12,7,7,8.75,0.005289564541015955,0.05630521238451067,0.22522084953804267
3,ed51a018-52b5-4a61-b4c5-5e8d7efcf137,"The D.C. National Guard was activated, and a citywide curfew was imposed.",The congressional certification of Joe Biden’s victory was halted.,Pipe bombs were reported at the Republican National Committee building and the Democratic National Committee headquarters.,A woman was shot inside the Capitol and died.,Protesters clashed with police and breached security barriers at the Capitol.,D,12,9,16,9,11,11.25,0.0,0.03711997049437739,0.0
3,e4db47ab-b2ab-43e9-9eaa-682a7bd47b2a,"Capitol Police Chief Steven Sund, House Sergeant at Arms Paul Irving, and Senate Sergeant at Arms Michael Stenger resigned.","The Capitol was secured, and lawmakers reconvened to continue certification.",The congressional certification of Joe Biden’s victory was halted.,"The Capitol was secured, and lawmakers reconvened to continue certification.",The FBI and ATF cleared the Capitol.,"A,C",19,10,9,10,7,9.0,0.09228487242777345,0.029582748551343876,
8,86d4a0eb-9f28-490a-afb8-ecbfaf87c198,Authorities in Myanmar and Thailand declared a state of emergency.,The earthquake caused significant damage and displacement across Myanmar.,"A high-rise under construction collapsed in Bangkok, Thailand, causing casualties.","Mandalay General Hospital became full, stopped admitting patients, and lost power and water.",Myanmar's ruling junta chief reported at least 144 people killed and over 732 injured.,"A,D",10,9,10,13,14,11.5,0.11368144837935762,0.06347849813525058,
7,8338df52-8cb2-4fd9-a8d0-c1039d165bf9,"Police, parliament, prosecutors, and the anti-corruption body launched separate investigations into Yoon on treason allegations.",Hundreds of soldiers stormed the National Assembly.,Prime Minister Han Duck-soo became acting president.,Tens of thousands of protesters gathered outside the National Assembly in Seoul.,Yoon's senior aides and defense minister offered to resign.,A,15,7,7,12,9,8.75,0.1034756602099872,0.01899116276077634,0.0
9,52d7a5d1-8702-4e0d-a66d-b286a098e1fe,Elon Musk gained full command of the federal cost-cutting effort.,Elon Musk contributed $277 million to Trump's and other Republicans' 2024 campaigns.,DOGE representatives spoke with staff at over a dozen federal agencies.,Vivek Ramaswamy withdrew from the project before Mr. Trump assumed office.,The order to halt federal grants was rescinded.,A,10,12,11,11,8,10.5,0.279866981585005,0.08187640421897632,0.17767788112130348
1,34b8e427-2744-4810-99a1-9bd5afcd1068,Northern Ireland and Scotland voted to remain in the EU.,The Conservative Party won the election.,The nation divided into 'remain' and 'leave' camps.,The United Kingdom held a referendum on June 23.,The referendum date was set in February.,C,10,6,8,9,7,7.5,0.09274470985760458,0.03174214918613944,0.0
10,852f25ac-fb9f-4615-8e1d-82e997069167,The US Senate will likely vote on Wednesday on a bill to halt Trump’s tariffs on Canadian imports.,President Trump placed 25% tariffs on imports from Canada.,The 16th Amendment was ratified in 1913.,President Trump placed 25% tariffs on imports from Canada.,Trump previously applied a 25% tariff on many exports from Canada and Mexico.,"A,C,D",18,9,7,9,13,9.5,0.353572056391449,0.1342148870122188,
7,2e0446c7-8953-4797-af2e-bfeda78848e0,"Police, parliament, prosecutors, and the anti-corruption body launched separate investigations into Yoon on treason allegations.",The impeachment motion against President Yoon failed.,President Yoon Suk Yeol declared martial law on December 3 and sent soldiers to parliament.,Baek Jae Gil performed his protest anthem for thousands outside the National Assembly in Seoul.,Prime Minister Han Duck-soo became acting president.,B,15,7,15,15,7,11.0,0.1034756602099872,0.04374843617909566,0.10679778433414638
9,ba07fde9-b941-4314-beab-be05b00b00d6,Musk allies took top positions in federal agencies.,Elon Musk and Vivek Ramaswamy increased hiring for DOGE.,Mr. Musk stated DOGE participants will not be paid and requested they work 80-hour weeks.,DOGE representatives spoke with staff at over a dozen federal agencies.,None of the others are correct causes.,D,8,9,15,11,7,10.5,0.18451098740812855,0.09980945487317025,0.0
9,03903c97-50e6-41c1-aa7f-c5a1069a1fae,Mr. Musk stated DOGE participants will not be paid and requested they work 80-hour weeks.,Elon Musk and Vivek Ramaswamy increased hiring for DOGE.,Trump appointed Elon Musk and Vivek Ramaswamy as co-leaders of the Department of Government Efficiency (DOGE).,DOGE representatives spoke with staff at over a dozen federal agencies.,Mr. Trump stated DOGE's purpose is to advise on cutting wasteful spending.,B,15,9,16,11,12,12.0,0.14996054968105654,0.10099218241161881,0.07836110546381951
2,ba580896-6dd8-4ed5-9674-7988371a52b7,The coronavirus pandemic halted the global economy.,COVID-19 forced countries into lockdown.,"The World Health Organization (WHO) officially declared the situation a pandemic on March 11, 2020.",The U.S. government mandated port and border closures and authorized immediate repatriation of asylum seekers on March 21.,"The Iranian government issued an intercity travel ban and closed schools, universities, national parks, and non-essential businesses on March 26.",A,7,5,15,18,20,14.5,0.1696800710919761,0.02501431810300556,0.0
3,d638de1e-03e4-441c-a16c-d0648508b4cc,"The D.C. National Guard was activated, and a citywide curfew was imposed.",Protesters clashed with police and breached security barriers at the Capitol.,"Trump supporters protested in Washington, D.C.","Trump supporters protested in Washington, D.C.",A woman was shot inside the Capitol and died.,"A,B,C",12,11,6,6,9,8.0,0.0,0.0,
1,2f7f6fee-0378-410b-9bff-16ec9ad94900,David Cameron announced his resignation as Prime Minister.,The referendum date was set in February.,The UK voted to leave the EU in a June 23 referendum.,Prime Minister David Cameron pledged a referendum on EU membership in 2013.,Northern Ireland and Scotland voted to remain in the EU.,B,8,7,12,12,10,10.25,0.10291303044959747,0.11898532197865239,0.0
2,5604be11-01e6-49af-a349-95d1aea7e3dd,"Lockdowns obstructed agricultural flow, resulting in hiked food prices, food shortages, malnutrition, and deaths.",The U.S. government mandated port and border closures and authorized immediate repatriation of asylum seekers on March 21.,"The healthcare system shifted attention to COVID-19 patients, disrupting services for other medical conditions and resulting in many deaths.",The Italian government called in the military to enforce its lockdown and ordered non-essential businesses to close by March 22.,The coronavirus pandemic halted the global economy.,"A,C",14,18,19,20,7,16.0,0.0,0.02654390694020003,
3,f2c9911d-2769-4be7-ae16-8e09021fe4f8,Trump was impeached for a second time on January 13th.,Protesters clashed with police and breached security barriers at the Capitol.,"The Capitol was secured, and lawmakers reconvened to continue certification.",Congress confirmed Biden as president in the early hours of January 7th.,Trump urged supporters to march to the Capitol.,"A,D",10,11,10,12,8,10.25,0.08778672877110412,0.06045547197003043,
3,bbeb5531-1965-4864-ac07-5d0303fe1ac4,The FBI and ATF cleared the Capitol.,None of the others are correct causes.,Pipe bombs were reported at the Republican National Committee building and the Democratic National Committee headquarters.,Trump urged supporters to march to the Capitol.,Five people died during the riots.,A,7,7,16,8,6,9.25,0.15157944382397978,0.03949070001810475,0.0
6,1b02d536-2622-49fc-b31c-b019e63bc9e5,"Democrats won statewide offices in Arizona, North Carolina, Wisconsin, and Michigan.",Trump received more votes from Latino residents than any other Republican presidential candidate in history.,None of the others are correct causes.,"The U.S. House impeached Trump, and the U.S. Senate acquitted him.",Donald Trump was elected the 47th president of the United States.,B,11,15,7,11,11,11.0,0.040573549924598336,0.0,0.0
8,e7ce2cd5-862d-4391-9130-0bbe1ffe6c16,"By April 3, 2025, the death toll from the earthquake reached 4,390 in Myanmar, with over 5,490 injured.","Mandalay General Hospital became full, stopped admitting patients, and lost power and water.",Authorities in Myanmar and Thailand declared a state of emergency.,The earthquake caused significant damage and displacement across Myanmar.,The United Nations mobilized help for Myanmar on Friday.,C,18,13,10,9,9,10.25,0.26680636299697974,0.05924692881581036,0.1450631306873361
1,1459833a-35aa-4aeb-a7fb-467b1401fc60,The British pound plunged in value.,The nation divided into 'remain' and 'leave' camps.,The United Kingdom held a referendum on June 23.,Prime Minister David Cameron pledged a referendum on EU membership in 2013.,The United Kingdom held a referendum on June 23.,"B,D",6,8,9,12,9,9.5,0.02051177787234338,0.0,
3,05419119-ab62-4af6-9a0f-ea02e2e19f41,"The Capitol was secured, and lawmakers reconvened to continue certification.",A woman was shot inside the Capitol and died.,Pipe bombs were reported at the Republican National Committee building and the Democratic National Committee headquarters.,Trump addressed the crowd.,The FBI and ATF cleared the Capitol.,D,10,9,16,4,7,9.0,0.16053825918556267,0.048643441857201916,0.10347149214250922
1,ddba874d-9e46-40ed-ba39-bd84f8af3eac,The British pound plunged in value.,The nation divided into 'remain' and 'leave' camps.,The UK voted to leave the EU in a June 23 referendum.,The United Kingdom held a referendum on June 23.,Northern Ireland and Scotland voted to remain in the EU.,"B,C",6,8,12,9,10,9.75,0.02051177787234338,0.0,
1,df82bd07-aa64-48bf-b869-b3b0a6b2971c,Northern Ireland and Scotland voted to remain in the EU.,The United Kingdom held a referendum on June 23.,Prime Minister David Cameron pledged a referendum on EU membership in 2013.,Cameron's attempt to renegotiate the U.K.'s EU membership terms failed.,The UK voted to leave the EU in a June 23 referendum.,A,10,9,12,10,12,10.75,0.09274470985760458,0.07840526244215482,0.0
1,4c7d47eb-e568-4b00-ad6b-bbdf5a9bd76f,Northern Ireland and Scotland voted to remain in the EU.,None of the others are correct causes.,The Conservative Party won the election.,Cameron's attempt to renegotiate the U.K.'s EU membership terms failed.,The nation divided into 'remain' and 'leave' camps.,A,10,7,6,10,8,7.75,0.09274470985760458,0.06017430894928647,0.0
4,1b01b061-8475-4b9d-beed-514a331eff60,Shinzo Abe promoted the Quadrilateral Security Dialogue (Quad).,Shinzo Abe became the deputy chief cabinet secretary in the early 2000s.,Shinzo Abe reinterpreted Japan's constitution in 2014.,Benjamin Netanyahu visited Tokyo in 2014.,None of the others are correct causes.,D,8,12,7,6,7,8.0,0.2307496605423531,0.07846735373079913,0.0
1,15a0b199-78a3-46c7-bf28-c52a358d78b0,The United Kingdom held a referendum on June 23.,Prime Minister David Cameron pledged a referendum on EU membership in 2013.,The nation divided into 'remain' and 'leave' camps.,The Conservative Party won the election.,Cameron's attempt to renegotiate the U.K.'s EU membership terms failed.,"A,C",9,12,8,6,10,9.0,0.0704638195097307,0.024825277525106416,
10,79fa3090-2d23-47b9-88c2-beec999eeaff,President Trump announced a plan to impose additional 25% tariffs on Canadian steel and aluminum imports.,"William McKinley was shot by anarchist Leon Czolgosz on Sept. 6, 1901.",The 16th Amendment was ratified in 1913.,President Trump placed 25% tariffs on imports from Canada.,Ontario placed a 25% tax on electricity exports to the U.S.,C,16,12,7,9,11,9.75,0.3215251618336527,0.1266369069375504,0.443902857620846
5,91e611df-9479-45b1-b6f9-ae5ecb677459,Musk confirmed charging $8/month for Twitter Blue check marks and removed ID verification.,Twitter sued Elon Musk to force the acquisition.,Elon Musk completed his $44 billion takeover of Twitter.,Musk fired top Twitter executives.,Musk laid off thousands of Twitter employees and contractors.,B,13,8,9,5,9,7.75,0.1755916057464,0.07562974450462812,0.06536660898201507
7,b835e865-4400-436e-8b6a-ca5ef8238bc3,"Police, parliament, prosecutors, and the anti-corruption body launched separate investigations into Yoon on treason allegations.",The impeachment motion against President Yoon failed.,President Yoon Suk Yeol declared martial law on December 3 and sent soldiers to parliament.,Yoon's senior aides and defense minister offered to resign.,Prime Minister Han Duck-soo became acting president.,B,15,7,15,9,7,9.5,0.1034756602099872,0.04597338715125139,0.09527846828489613
2,b35194fd-6c08-4f2a-aaa0-3e2909d941e1,Many therapists cease in-person client sessions.,The U.S. government mandated port and border closures and authorized immediate repatriation of asylum seekers on March 21.,COVID-19 forced countries into lockdown.,President Donald Trump signed a multibillion-dollar emergency aid package.,COVID-19 triggered a financial-market meltdown.,B,6,18,5,9,5,9.25,0.0,0.0,0.0
10,a51d5192-febc-47f4-8bb4-dce27eef06e0,Ontario placed a 25% tax on electricity exports to the U.S.,"William McKinley was shot by anarchist Leon Czolgosz on Sept. 6, 1901.",Trump previously applied a 25% tariff on many exports from Canada and Mexico.,The 16th Amendment was ratified in 1913.,President Trump placed 25% tariffs on imports from Canada.,"B,D",11,12,13,7,9,10.25,0.005289564541015955,0.10410609259565505,
1,ab358156-75da-4279-b862-e579da8d10e4,The United Kingdom held a referendum on June 23.,Prime Minister David Cameron pledged a referendum on EU membership in 2013.,The Conservative Party won the election.,The referendum date was set in February.,The nation divided into 'remain' and 'leave' camps.,"A,B,C",9,12,6,7,8,8.25,0.0704638195097307,0.04239458820150278,
1,1312b795-2012-4788-81ed-c19ac824f61f,Sinn Fein called for a referendum on Irish unity.,The United Kingdom held a referendum on June 23.,The United Kingdom held a referendum on June 23.,The nation divided into 'remain' and 'leave' camps.,Prime Minister David Cameron pledged a referendum on EU membership in 2013.,"A,B",9,9,9,8,12,9.5,0.021848213173481068,0.04834608190423466,
8,41fbf37a-4a8c-4fb4-b947-ddbb301bd24e,"By April 3, 2025, the death toll from the earthquake reached 4,390 in Myanmar, with over 5,490 injured.",The earthquake caused the collapse of the Old Sagaing Bridge and several buildings.,"A M7.7 earthquake struck Myanmar on March 28, 2025, followed by a M6.7 aftershock.",The earthquake caused significant damage and displacement across Myanmar.,"Mandalay General Hospital became full, stopped admitting patients, and lost power and water.","A,B,C",18,13,14,9,13,12.25,0.26680636299697974,0.08468319379260462,
2,dcfa3f99-212b-4503-b384-1f8755fb75b3,"The Iranian government issued an intercity travel ban and closed schools, universities, national parks, and non-essential businesses on March 26.",Chinese authorities identified SARS-CoV-2 as the new coronavirus.,"The WHO was notified of a cluster of unusual pneumonia cases in Wuhan City, China on Dec. 31.",COVID-19 forced countries into lockdown.,The U.S. government mandated port and border closures and authorized immediate repatriation of asylum seekers on March 21.,C,20,8,18,5,18,12.25,0.007947822652772123,0.02474849882187486,0.0
5,8481e5ae-606d-4729-91d8-2a3ca64820eb,"On December 18, Musk ran a Twitter poll asking if he should step down as CEO, with a majority voting yes.",None of the others are correct causes.,The Delaware Chancery Court ordered a Friday deadline for the Twitter acquisition deal to close in early October.,Musk confirmed charging $8/month for Twitter Blue check marks and removed ID verification.,Elon Musk signed a deal to acquire Twitter in April.,A,21,7,18,13,10,12.0,0.17218185349759227,0.05105007679277164,0.0
1,f4d76cea-1b0b-4df1-a6fa-726cb9b07baf,Over three million Brits called for a do-over.,Nicola Sturgeon stated the Scottish government would prepare legislation for a new independence referendum.,Sinn Fein called for a referendum on Irish unity.,Northern Ireland and Scotland voted to remain in the EU.,The UK voted to leave the EU in a June 23 referendum.,D,8,14,9,10,12,11.25,0.0,0.044259470233784015,0.0
8,9d14a051-a1d9-4d3e-ace6-292ec8a6bd91,Authorities in Myanmar and Thailand declared a state of emergency.,"A high-rise under construction collapsed in Bangkok, Thailand, causing casualties.","The earthquake affected Bangkok, Thailand, and tremors were felt in China's Yunnan province.","A M7.7 earthquake struck Myanmar on March 28, 2025, followed by a M6.7 aftershock.","Mandalay General Hospital became full, stopped admitting patients, and lost power and water.","B,C",10,10,13,14,13,12.5,0.11368144837935762,0.06009908306425062,
7,aea5f8a4-e501-4e97-8e3a-45809c481603,Yoon's senior aides and defense minister offered to resign.,Tens of thousands of protesters gathered outside the National Assembly in Seoul.,President Yoon Suk Yeol declared martial law on December 3 and sent soldiers to parliament.,Tens of thousands of protesters gathered outside the National Assembly in Seoul.,Baek Jae Gil performed his protest anthem for thousands outside the National Assembly in Seoul.,"A,B,C",9,12,15,12,15,13.5,0.058615513593125286,0.019334404198605118,
3,89cda6f1-ba57-4d79-8873-3f1f26b58848,Five people died during the riots.,Pipe bombs were reported at the Republican National Committee building and the Democratic National Committee headquarters.,Trump addressed the crowd.,Supporters stormed the U.S. Capitol.,Trump urged supporters to march to the Capitol.,C,6,16,4,5,8,8.25,0.01669211869493508,0.0,0.0
3,b659ff09-d409-4603-a238-ca066225707a,The congressional certification of Joe Biden’s victory was halted.,A woman was shot inside the Capitol and died.,"Trump supporters protested in Washington, D.C.",Trump urged supporters to march to the Capitol.,Trump addressed the crowd.,"B,C",9,9,6,8,4,6.75,0.05281124394736155,0.0,
2,31b0fa64-add2-4fe3-884e-3ba5101586ec,"Lockdowns obstructed agricultural flow, resulting in hiked food prices, food shortages, malnutrition, and deaths.",The coronavirus pandemic halted the global economy.,None of the others are correct causes.,Clinical trials began to test potential treatments and vaccines for COVID-19.,COVID-19 triggered a financial-market meltdown.,B,14,7,7,11,5,7.5,0.0,0.0,0.0
5,456b7e57-1c5f-4c70-a393-3fc7b822dc15,Musk laid off thousands of Twitter employees and contractors.,Elon Musk completed his $44 billion takeover of Twitter.,Twitter sued Elon Musk to force the acquisition.,Musk fired top Twitter executives.,Elon Musk changed his profile to ‘Chief Twit’.,A,9,9,8,5,8,7.5,0.22243183578626308,0.11287066574557512,0.11429921890888295
4,90877484-1f9d-4487-a9fa-e29f2e4a2229,"Security arrested the suspected gunman, Tetsuya Yamagami.",None of the others are correct causes.,Shinzo Abe returned to office in 2012 and later became the longest-serving prime minister.,Shinzo Abe reinterpreted Japan's constitution in 2014.,Shinzo Abe became the youngest prime minister in postwar Japan in 2006.,A,7,7,14,7,12,10.0,0.012150671783096374,0.0,0.0
10,c15348cc-edfe-40ff-95f4-352442c53e15,"President Trump announced a new tariff system on Wednesday, substituting America's longstanding import tax system.",None of the others are correct causes.,Premier Ford paused Ontario's electricity surcharge.,President Trump reversed his plan to raise tariffs on Canadian steel and aluminum imports.,Trump imposed auto tariffs last week.,A,15,7,6,14,6,8.25,0.21213155916538842,0.04666423504972397,0.0
10,4de1b4d4-85e1-405f-ad03-3a80d9f537e1,The US Senate will likely vote on Wednesday on a bill to halt Trump’s tariffs on Canadian imports.,"Delta Air Lines, Southwest Airlines, and American Airlines lowered their Q1 projections.",Trump previously applied a 25% tariff on many exports from Canada and Mexico.,Trump and Canadian Prime Minister Mark Carney had a call last week.,The S&P 500 fell below its 200-day moving average on Monday.,B,18,12,13,12,11,12.0,0.353572056391449,0.053541530440943855,0.057744906270811594
1,5203c4c2-3556-4363-aff3-89975570270d,David Cameron announced his resignation as Prime Minister.,The UK voted to leave the EU in a June 23 referendum.,The referendum date was set in February.,Northern Ireland and Scotland voted to remain in the EU.,The Conservative Party won the election.,A,8,12,7,10,6,8.75,0.10291303044959747,0.0,0.0
3,7a4df7bb-d7bc-4a2d-a630-237eba579cd1,"Capitol Police Chief Steven Sund, House Sergeant at Arms Paul Irving, and Senate Sergeant at Arms Michael Stenger resigned.","The Capitol was secured, and lawmakers reconvened to continue certification.",The congressional certification of Joe Biden’s victory was halted.,Congress confirmed Biden as president in the early hours of January 7th.,The FBI and ATF cleared the Capitol.,A,19,10,9,12,7,9.5,0.09228487242777345,0.024950981710118426,0.04503723263897079
7,c2a7eba9-dae1-443e-8fe8-5ad4d544d5d5,Lawmakers voted down the martial law decree.,Hundreds of soldiers stormed the National Assembly.,Hundreds of soldiers stormed the National Assembly.,Yoon's senior aides and defense minister offered to resign.,Baek Jae Gil performed his protest anthem for thousands outside the National Assembly in Seoul.,"A,B",7,7,7,9,15,9.5,0.1282016971785539,0.0,
2,e352ae30-a0b7-46b6-98ac-e84558fcafab,"The Iranian government issued an intercity travel ban and closed schools, universities, national parks, and non-essential businesses on March 26.",The Italian government called in the military to enforce its lockdown and ordered non-essential businesses to close by March 22.,The U.S. government mandated port and border closures and authorized immediate repatriation of asylum seekers on March 21.,COVID-19 forced countries into lockdown.,"The WHO was notified of a cluster of unusual pneumonia cases in Wuhan City, China on Dec. 31.",C,20,20,18,5,18,15.25,0.007947822652772123,0.0773317776414899,0.0
1,27b8502e-f0a7-4f33-a1ff-9d154d7a9ca6,Global markets plunged following the Brexit vote.,The nation divided into 'remain' and 'leave' camps.,The UK voted to leave the EU in a June 23 referendum.,The United Kingdom held a referendum on June 23.,The Conservative Party won the election.,"B,C",7,8,12,9,6,8.75,0.08367576777612448,0.0,
3,84cdadc1-4a56-45ef-8f28-3fcba68456e5,The FBI and ATF cleared the Capitol.,"Trump supporters protested in Washington, D.C.",Trump addressed the crowd.,Trump urged supporters to march to the Capitol.,Pipe bombs were reported at the Republican National Committee building and the Democratic National Committee headquarters.,A,7,6,4,8,16,8.5,0.15157944382397978,0.04397728595664007,0.0
9,4cb41643-cb9c-482e-8a7d-fda38b41ab2b,Musk allies took top positions in federal agencies.,DOGE representatives spoke with staff at over a dozen federal agencies.,Elon Musk and Vivek Ramaswamy increased hiring for DOGE.,Mr. Musk stated DOGE participants will not be paid and requested they work 80-hour weeks.,Trump appointed Elon Musk and Vivek Ramaswamy as co-leaders of the Department of Government Efficiency (DOGE).,D,8,11,9,15,16,12.75,0.18451098740812855,0.10561147426837549,0.050394984047545825
2,ba2c6037-cc57-4c8b-9e82-b3d9b3a91d94,"The Iranian government issued an intercity travel ban and closed schools, universities, national parks, and non-essential businesses on March 26.","The WHO was notified of a cluster of unusual pneumonia cases in Wuhan City, China on Dec. 31.",COVID-19 forced countries into lockdown.,The U.S. government mandated port and border closures and authorized immediate repatriation of asylum seekers on March 21.,"The World Health Organization (WHO) officially declared the situation a pandemic on March 11, 2020.","B,D",20,18,5,18,15,14.0,0.007947822652772123,0.03061889625771609,
4,492aa0a8-e09e-4a1e-a187-3e2c59d95ae9,Shinzo Abe was pronounced dead at 5:03 p.m.,A man fired twice at Shinzo Abe.,Former Japanese Prime Minister Shinzo Abe was assassinated at a campaign rally.,Shinzo Abe became the youngest prime minister in postwar Japan in 2006.,Shinzo Abe coined the phrase 'a free and open Indo-Pacific'.,"A,B",8,7,12,12,10,10.25,0.28027467423028635,0.10783472894204686,
10,ebd25334-42ac-441a-9086-8723a7b477e6,The tariff announcement triggered a global meltdown in stock markets.,Trump previously applied a 25% tariff on many exports from Canada and Mexico.,Tariffs on imported steel and aluminum are in effect.,"President Trump announced a new tariff system on Wednesday, substituting America's longstanding import tax system.","William McKinley was shot by anarchist Leon Czolgosz on Sept. 6, 1901.",C,10,13,9,15,12,12.25,0.05853783689680478,0.030466297300013774,0.05557730365780748
3,0efa357a-a480-49de-97d3-3a9878ec4ca4,"Capitol Police Chief Steven Sund, House Sergeant at Arms Paul Irving, and Senate Sergeant at Arms Michael Stenger resigned.",The congressional certification of Joe Biden’s victory was halted.,"The Capitol was secured, and lawmakers reconvened to continue certification.","The House and Senate recessed, and the Capitol was locked down.",Trump addressed the crowd.,"B,C",19,9,10,11,4,8.5,0.09228487242777345,0.06364935557479319,
2,3564fd3d-b318-47cb-81d3-75d2d5957ad2,"Lockdowns obstructed agricultural flow, resulting in hiked food prices, food shortages, malnutrition, and deaths.",The Italian government called in the military to enforce its lockdown and ordered non-essential businesses to close by March 22.,COVID-19 forced countries into lockdown.,The Italian government called in the military to enforce its lockdown and ordered non-essential businesses to close by March 22.,"The WHO was notified of a cluster of unusual pneumonia cases in Wuhan City, China on Dec. 31.","A,B,C",14,20,5,20,18,15.75,0.0,0.0,
4,a92042de-bd49-4fa7-bd3e-5cca2fb1b19c,"Security arrested the suspected gunman, Tetsuya Yamagami.",Shinzo Abe visited Jerusalem in 2018.,Former Japanese Prime Minister Shinzo Abe was assassinated at a campaign rally.,Shinzo Abe coined the phrase 'a free and open Indo-Pacific'.,Shinzo Abe became the deputy chief cabinet secretary in the early 2000s.,B,7,6,12,10,12,10.0,0.012150671783096374,0.0,0.0
8,7bfb5ecb-4ccd-4189-82a0-88aa88bd8180,Myanmar's ruling junta chief reported at least 144 people killed and over 732 injured.,"The earthquake affected Bangkok, Thailand, and tremors were felt in China's Yunnan province.","Mandalay General Hospital became full, stopped admitting patients, and lost power and water.","A high-rise under construction collapsed in Bangkok, Thailand, causing casualties.",The earthquake caused significant damage and displacement across Myanmar.,D,14,13,13,10,9,11.25,0.11779317876373582,0.022749285015026377,0.09099714006010551
5,e1c15d27-c610-4c65-8e50-e3646284d65a,"On December 20, Musk confirmed he will step down as CEO upon finding a replacement and will manage software/servers teams.",Elon Musk entered Twitter headquarters.,The Delaware Chancery Court ordered a Friday deadline for the Twitter acquisition deal to close in early October.,General Motors announced it would suspend its advertising on Twitter.,"On December 18, Musk ran a Twitter poll asking if he should step down as CEO, with a majority voting yes.",D,20,5,18,10,21,13.5,0.0831403733615005,0.07762396038094278,0.23883242313759412
3,6d8aaa14-a3e5-4a1b-9e95-d60f790596cb,"Capitol Police Chief Steven Sund, House Sergeant at Arms Paul Irving, and Senate Sergeant at Arms Michael Stenger resigned.",Trump addressed the crowd.,Protesters clashed with police and breached security barriers at the Capitol.,"The D.C. National Guard was activated, and a citywide curfew was imposed.",The FBI and ATF cleared the Capitol.,B,19,4,11,12,7,8.5,0.09228487242777345,0.03928175773465728,0.10186211230819456
9,d2d5c55b-8153-4547-86f8-49d1b4c265ea,David Lebryk departed his position at the Treasury Department.,Elon Musk and Vivek Ramaswamy increased hiring for DOGE.,Trump appointed Elon Musk and Vivek Ramaswamy as co-leaders of the Department of Government Efficiency (DOGE).,Mr. Trump stated DOGE's purpose is to advise on cutting wasteful spending.,Elon Musk contributed $277 million to Trump's and other Republicans' 2024 campaigns.,B,9,9,16,12,12,12.25,0.01400219859131867,0.024594858195565162,0.09837943278226065
6,f40b0389-c3d0-46f9-a58b-84bbc329beaa,Trump doubled his percentage of support among Black male voters in specific battleground states.,Two assassination attempts targeted Donald Trump during the election season.,Trump faced state and federal indictments in 2023.,A New York jury found Trump guilty of 34 felony charges in May.,None of the others are correct causes.,D,14,10,8,13,7,9.5,0.12025716435266748,0.031225826841711622,0.0
10,0d8c9dc2-85a4-4cdc-93b3-40681392c610,"The White House did not apply tariffs to Russia, North Korea, Cuba, and Belarus.",None of the others are correct causes.,"The new 10% tariffs will go into effect on Saturday, and reciprocal rates next Wednesday.","William McKinley was shot by anarchist Leon Czolgosz on Sept. 6, 1901.",Ontario placed a 25% tax on electricity exports to the U.S.,A,14,7,15,12,11,11.25,0.10082886281285038,0.018937559929142474,0.0
4,2adf5366-33ff-4b6a-82cc-ac39e5bf1150,Social media companies removed harmful content.,Shinzo Abe offered to host a peace summit in 2017.,Shinzo Abe visited Jerusalem in 2018.,None of the others are correct causes.,Shinzo Abe promoted the Quadrilateral Security Dialogue (Quad).,C,6,10,6,7,8,7.75,0.0,0.0,0.0
10,829c9ec1-2a91-4d32-bacb-75e4cb060238,Trump previously applied a 25% tariff on many exports from Canada and Mexico.,None of the others are correct causes.,"William McKinley was shot by anarchist Leon Czolgosz on Sept. 6, 1901.",The 16th Amendment was ratified in 1913.,"William McKinley died on Sept. 14, 1901.",A,13,7,12,7,7,8.25,0.18041752248176085,0.0,0.0
3,0ac62643-44a1-42fe-84b8-7ef1a8e414f2,"The Capitol was secured, and lawmakers reconvened to continue certification.",A woman was shot inside the Capitol and died.,Five people died during the riots.,Trump addressed the crowd.,The FBI and ATF cleared the Capitol.,D,10,9,6,4,7,6.5,0.16053825918556267,0.049593351128538674,0.10347149214250922
7,72a67d96-5731-458b-9024-ccf9acada51d,Prime Minister Han Duck-soo became acting president.,South Korea’s parliament voted to impeach President Yoon Suk Yeol.,President Yoon Suk Yeol declared martial law on December 3 and sent soldiers to parliament.,South Korea’s parliament voted to impeach President Yoon Suk Yeol.,Opposition legislators filed an impeachment motion against President Yoon on Wednesday.,"A,C",7,10,15,10,11,11.5,0.07663198043402415,0.038451980634833405,
8,77667706-8df2-449f-b66e-1f00d0ced19c,Myanmar's ruling junta chief reported at least 144 people killed and over 732 injured.,The earthquake caused significant damage and displacement across Myanmar.,The earthquake caused significant damage and displacement across Myanmar.,"The earthquake affected Bangkok, Thailand, and tremors were felt in China's Yunnan province.","Mandalay General Hospital became full, stopped admitting patients, and lost power and water.","A,B",14,9,9,13,13,11.0,0.11779317876373582,0.038993034640670686,
3,35213cd6-9721-4146-892b-5762192a5437,Supporters stormed the U.S. Capitol.,"Trump supporters protested in Washington, D.C.",Pipe bombs were reported at the Republican National Committee building and the Democratic National Committee headquarters.,Trump addressed the crowd.,Trump urged supporters to march to the Capitol.,"A,C,D",5,6,16,4,8,8.5,0.3775474235967229,0.14617525503847084,
10,b305590e-6244-4112-87bd-ffef7d1efa08,The US Senate will likely vote on Wednesday on a bill to halt Trump’s tariffs on Canadian imports.,"William McKinley was shot by anarchist Leon Czolgosz on Sept. 6, 1901.",Trump previously applied a 25% tariff on many exports from Canada and Mexico.,Trump previously applied a 25% tariff on many exports from Canada and Mexico.,President Trump placed 25% tariffs on imports from Canada.,"B,C,D",18,12,13,13,9,11.75,0.353572056391449,0.09620539869016614,
9,ac0d0a30-ca6b-4268-be98-c3132fbeca15,Elon Musk gained full command of the federal cost-cutting effort.,Mr. Musk stated DOGE participants will not be paid and requested they work 80-hour weeks.,Vivek Ramaswamy withdrew from the project before Mr. Trump assumed office.,Elon Musk contributed $277 million to Trump's and other Republicans' 2024 campaigns.,Elon Musk tempered his initial promise for federal spending cuts from $2 trillion to $1 trillion.,C,10,15,11,12,16,13.5,0.279866981585005,0.08100115314259276,0.11102233955150827
4,49a18992-b500-437f-9077-147af814ea8d,World leaders expressed shock and condemned the murder.,Shinzo Abe promoted the Quadrilateral Security Dialogue (Quad).,Shinzo Abe was pronounced dead at 5:03 p.m.,Yoshihide Suga succeeded Shinzo Abe in September 2020.,The shooter used a handmade gun.,B,8,8,8,8,6,7.5,0.012150671783096374,0.0,0.0
10,92f5ebb7-0c78-4dea-8b6a-b46657636097,The US Senate will likely vote on Wednesday on a bill to halt Trump’s tariffs on Canadian imports.,The S&P 500 fell below its 200-day moving average on Monday.,"William McKinley died on Sept. 14, 1901.","The White House did not apply tariffs to Russia, North Korea, Cuba, and Belarus.",None of the others are correct causes.,D,18,11,7,14,7,9.75,0.353572056391449,0.01780941646692556,0.0
3,7ed8a29e-b7cf-48f8-bf5f-b1a43111a741,The congressional certification of Joe Biden’s victory was halted.,Protesters clashed with police and breached security barriers at the Capitol.,A woman was shot inside the Capitol and died.,"The House and Senate recessed, and the Capitol was locked down.",Five people died during the riots.,"A,C",9,11,9,11,6,9.25,0.05281124394736155,0.0,
2,78cf5a2e-5e4d-42f5-9610-7dab93320f48,The Italian government called in the military to enforce its lockdown and ordered non-essential businesses to close by March 22.,"The World Health Organization (WHO) officially declared the situation a pandemic on March 11, 2020.",Chinese authorities identified SARS-CoV-2 as the new coronavirus.,The U.S. government mandated port and border closures and authorized immediate repatriation of asylum seekers on March 21.,"The World Health Organization (WHO) officially declared the situation a pandemic on March 11, 2020.","A,D",20,15,8,18,15,14.0,0.008885012050367468,0.0395880602321217,
2,d1ca4ea5-a142-4e61-824c-e967011af843,Many therapists cease in-person client sessions.,Clinical trials began to test potential treatments and vaccines for COVID-19.,The United States indicted Nicolás Maduro with narco-terrorism and other serious charges on March 26.,"The Iranian government issued an intercity travel ban and closed schools, universities, national parks, and non-essential businesses on March 26.",COVID-19 forced countries into lockdown.,D,6,11,15,20,5,12.75,0.0,0.0,0.0
9,8fd164cb-dce6-46bf-a0c3-e08f6df4b257,Elon Musk gained full command of the federal cost-cutting effort.,Vivek Ramaswamy withdrew from the project before Mr. Trump assumed office.,Elon Musk tempered his initial promise for federal spending cuts from $2 trillion to $1 trillion.,OPM offered federal workers the option to resign with pay.,Elon Musk contributed $277 million to Trump's and other Republicans' 2024 campaigns.,D,10,11,16,10,12,12.25,0.279866981585005,0.09144966671260754,0.12961553557157512
4,bab6b12e-0ba2-4541-8b3c-6a4955646429,World leaders expressed shock and condemned the murder.,Explosives were found at Tetsuya Yamagami's home.,Shinzo Abe coined the phrase 'a free and open Indo-Pacific'.,Former Japanese Prime Minister Shinzo Abe was assassinated at a campaign rally.,Shinzo Abe was pronounced dead at 5:03 p.m.,"C,D",8,7,10,12,8,9.25,0.012150671783096374,0.0,
3,30edb568-b4ec-4299-b71b-4f2708f5404a,The FBI and ATF cleared the Capitol.,Supporters stormed the U.S. Capitol.,"Trump supporters protested in Washington, D.C.",Trump addressed the crowd.,Pipe bombs were reported at the Republican National Committee building and the Democratic National Committee headquarters.,"A,B",7,5,6,4,16,7.75,0.15157944382397978,0.05613416373276801,
2,1f4f2bff-fd90-4bb6-8a05-caf52e5c28ef,The coronavirus pandemic halted the global economy.,The Italian government called in the military to enforce its lockdown and ordered non-essential businesses to close by March 22.,The United States indicted Nicolás Maduro with narco-terrorism and other serious charges on March 26.,COVID-19 forced countries into lockdown.,Chinese authorities identified SARS-CoV-2 as the new coronavirus.,C,7,20,15,5,8,12.0,0.1696800710919761,0.02925869982248983,0.0
6,e6f9bad5-6110-43b9-813f-3e4bf1172ede,Donald Trump was elected the 47th president of the United States.,The FBI warns of fabricated videos misusing its name and insignia.,None of the others are correct causes.,Two assassination attempts targeted Donald Trump during the election season.,"The U.S. House impeached Trump, and the U.S. Senate acquitted him.",B,11,11,7,10,11,9.75,0.42020097178662025,0.06658882493414124,0.0
6,fa730e7f-c50e-4e1f-910c-8a80ebcaaa03,"New African American female senators, the first transgender representative, and the first LGBTQ+ representative from the South were elected.",Donald Trump was elected the 47th president of the United States.,Trump doubled his percentage of support among Black male voters in specific battleground states.,"Democrats won statewide offices in Arizona, North Carolina, Wisconsin, and Michigan.",None of the others are correct causes.,D,19,11,14,11,7,10.75,0.02404779024848977,0.018751899377604426,0.0
7,adba178c-f102-49ae-bb1b-afec871fa76e,"South Korean prosecutors detained former defense minister Kim Yong-hyun, who allegedly recommended the martial law imposition.",None of the others are correct causes.,Lawmakers voted down the martial law decree.,South Korea’s parliament voted to impeach President Yoon Suk Yeol.,Yoon's senior aides and defense minister offered to resign.,A,16,7,7,10,9,8.25,0.09866933352241757,0.10135157420149533,0.0
4,bed77fdb-4a0d-40d7-a8dd-af87589904d4,World leaders expressed shock and condemned the murder.,Shinzo Abe offered to host a peace summit in 2017.,Former Japanese Prime Minister Shinzo Abe was assassinated at a campaign rally.,Former Japanese Prime Minister Shinzo Abe was assassinated at a campaign rally.,Shinzo Abe promoted the Quadrilateral Security Dialogue (Quad).,"B,C",8,10,12,12,8,10.5,0.012150671783096374,0.0,
1,5dabc072-057a-4d3b-9380-f1692ebc90f0,David Cameron announced his resignation as Prime Minister.,Cameron's attempt to renegotiate the U.K.'s EU membership terms failed.,Northern Ireland and Scotland voted to remain in the EU.,The UK voted to leave the EU in a June 23 referendum.,The UK voted to leave the EU in a June 23 referendum.,"C,D",8,10,10,12,12,11.0,0.10291303044959747,0.028020744876917397,
7,c81752e7-b129-4141-b523-88df576bb09d,Lawmakers voted down the martial law decree.,President Yoon Suk Yeol declared martial law on December 3 and sent soldiers to parliament.,Tens of thousands of protesters gathered outside the National Assembly in Seoul.,Lawmakers at the National Assembly unanimously annulled martial law.,Opposition legislators filed an impeachment motion against President Yoon on Wednesday.,A,7,15,12,9,11,11.75,0.1282016971785539,0.1325469133634017,0.15701833523221706
3,ed1e4bc5-8b8a-43e9-9be0-09a80deae50c,"The D.C. National Guard was activated, and a citywide curfew was imposed.",Protesters clashed with police and breached security barriers at the Capitol.,The congressional certification of Joe Biden’s victory was halted.,"Trump supporters protested in Washington, D.C.","Trump supporters protested in Washington, D.C.","A,C,D",12,11,9,6,6,8.0,0.0,0.0,
1,1dfb148f-165c-47e3-a025-9492eff0b6d4,The British pound plunged in value.,The United Kingdom held a referendum on June 23.,The nation divided into 'remain' and 'leave' camps.,Cameron's attempt to renegotiate the U.K.'s EU membership terms failed.,Prime Minister David Cameron pledged a referendum on EU membership in 2013.,A,6,9,8,10,12,9.75,0.02051177787234338,0.0,0.0
7,2f929bd5-9fb0-4d8a-90ed-c9a33b5bcad6,Opposition legislators filed an impeachment motion against President Yoon on Wednesday.,Lawmakers at the National Assembly unanimously annulled martial law.,President Yoon Suk Yeol declared martial law on December 3 and sent soldiers to parliament.,Baek Jae Gil performed his protest anthem for thousands outside the National Assembly in Seoul.,President Yoon Suk Yeol declared martial law on December 3 and sent soldiers to parliament.,"A,B,D",11,9,15,15,15,13.5,0.25103416720510646,0.06777068786204679,
2,f610a514-f71c-42a0-8abe-154dfb793172,The Italian government called in the military to enforce its lockdown and ordered non-essential businesses to close by March 22.,"The World Health Organization (WHO) officially declared the situation a pandemic on March 11, 2020.",Chinese authorities identified SARS-CoV-2 as the new coronavirus.,"The WHO was notified of a cluster of unusual pneumonia cases in Wuhan City, China on Dec. 31.",COVID-19 forced countries into lockdown.,"A,D",20,15,8,18,5,11.5,0.008885012050367468,0.03644816670492428,
3,f46c4634-d399-472d-b579-b4d939c64d71,Congress confirmed Biden as president in the early hours of January 7th.,Trump addressed the crowd.,The FBI and ATF cleared the Capitol.,"The Capitol was secured, and lawmakers reconvened to continue certification.",Supporters stormed the U.S. Capitol.,"B,C,D",12,4,7,10,5,6.5,0.04681985593632605,0.0,
2,9238d1f9-c481-443a-aa43-3501227546df,"The Iranian government issued an intercity travel ban and closed schools, universities, national parks, and non-essential businesses on March 26.",The Italian government called in the military to enforce its lockdown and ordered non-essential businesses to close by March 22.,"The World Health Organization (WHO) officially declared the situation a pandemic on March 11, 2020.",The U.S. government mandated port and border closures and authorized immediate repatriation of asylum seekers on March 21.,"The World Health Organization (WHO) officially declared the situation a pandemic on March 11, 2020.","B,D",20,20,15,18,15,17.0,0.007947822652772123,0.0810650888435509,
1,12dcc663-24d2-40eb-9b71-cb9f3711328c,David Cameron announced his resignation as Prime Minister.,The United Kingdom held a referendum on June 23.,Prime Minister David Cameron pledged a referendum on EU membership in 2013.,The United Kingdom held a referendum on June 23.,The referendum date was set in February.,"A,C",8,9,12,9,7,9.25,0.10291303044959747,0.11531524765862078,
2,f8104e86-a59a-4419-a592-5dd7300d3c9d,The Italian government called in the military to enforce its lockdown and ordered non-essential businesses to close by March 22.,COVID-19 forced countries into lockdown.,Chinese authorities identified SARS-CoV-2 as the new coronavirus.,COVID-19 forced countries into lockdown.,"The WHO was notified of a cluster of unusual pneumonia cases in Wuhan City, China on Dec. 31.","A,C",20,5,8,5,18,9.0,0.008885012050367468,0.03638162028038792,
8,6a24df01-2670-41c6-94d2-c7ca76d3e295,"By April 3, 2025, the death toll from the earthquake reached 4,390 in Myanmar, with over 5,490 injured.","Mandalay General Hospital became full, stopped admitting patients, and lost power and water.","A high-rise under construction collapsed in Bangkok, Thailand, causing casualties.","A M7.7 earthquake struck Myanmar on March 28, 2025, followed by a M6.7 aftershock.",The earthquake caused the collapse of the Old Sagaing Bridge and several buildings.,"C,D",18,13,10,14,13,12.5,0.26680636299697974,0.06493493140631483,
3,9cbdee01-3c71-44c8-b30a-8824a889eeff,Trump was impeached for a second time on January 13th.,Supporters stormed the U.S. Capitol.,Protesters clashed with police and breached security barriers at the Capitol.,Supporters stormed the U.S. Capitol.,The FBI and ATF cleared the Capitol.,"A,B,C",10,5,11,5,7,7.0,0.08778672877110412,0.0,
6,14dd6eb0-1f0d-4dfa-9a5c-97132112f0da,"Joe Biden sent a second round of $1,200 relief checks.","Democrats won statewide offices in Arizona, North Carolina, Wisconsin, and Michigan.",None of the others are correct causes.,Donald Trump won the popular vote by approximately four million votes.,Two assassination attempts targeted Donald Trump during the election season.,B,10,11,7,11,10,9.75,0.06919178120322296,0.0,0.0
7,5e25e5cb-1bb3-41c6-9161-f13b02a0355f,Prime Minister Han Duck-soo became acting president.,Opposition legislators filed an impeachment motion against President Yoon on Wednesday.,President Yoon Suk Yeol was immediately suspended from exercising his powers.,Lawmakers voted down the martial law decree.,President Yoon Suk Yeol was immediately suspended from exercising his powers.,"B,D",7,11,11,7,11,10.0,0.07663198043402415,0.04135058655359085,
7,cf8a144a-e21e-4408-9b15-34c6b527341d,"South Korean prosecutors detained former defense minister Kim Yong-hyun, who allegedly recommended the martial law imposition.",Tens of thousands of protesters gathered outside the National Assembly in Seoul.,President Yoon Suk Yeol declared martial law on December 3 and sent soldiers to parliament.,Hundreds of soldiers stormed the National Assembly.,Parliament impeached Yoon’s justice minister and police chief.,B,16,12,15,7,8,10.5,0.09866933352241757,0.04825807334102998,0.11890378170309067
3,967e1695-aa6b-4235-9363-570e4e330bce,"Capitol Police Chief Steven Sund, House Sergeant at Arms Paul Irving, and Senate Sergeant at Arms Michael Stenger resigned.","Trump supporters protested in Washington, D.C.","The House and Senate recessed, and the Capitol was locked down.",Trump addressed the crowd.,"The D.C. National Guard was activated, and a citywide curfew was imposed.",B,19,6,11,4,12,8.25,0.09228487242777345,0.056402790354706515,0.22561116141882606
7,f596bfa3-d948-4221-9518-fc0f8794d90b,South Korea’s parliament voted to impeach President Yoon Suk Yeol.,Opposition legislators filed an impeachment motion against President Yoon on Wednesday.,Tens of thousands of protesters gathered outside the National Assembly in Seoul.,The impeachment motion against President Yoon failed.,Opposition legislators filed an impeachment motion against President Yoon on Wednesday.,"A,D",10,11,12,7,11,10.25,0.6116218454942287,0.09258261976593213,
2,9d53a22c-ff8f-4420-b1ec-668750d72072,The coronavirus pandemic halted the global economy.,None of the others are correct causes.,The United States indicted Nicolás Maduro with narco-terrorism and other serious charges on March 26.,Chinese authorities identified SARS-CoV-2 as the new coronavirus.,The Italian government called in the military to enforce its lockdown and ordered non-essential businesses to close by March 22.,A,7,7,15,8,20,12.5,0.1696800710919761,0.02925869982248983,0.0
3,d4a6a4d5-d9bf-4e09-af91-f09075f4e887,Protesters clashed with police and breached security barriers at the Capitol.,"Trump supporters protested in Washington, D.C.",Trump addressed the crowd.,Pipe bombs were reported at the Republican National Committee building and the Democratic National Committee headquarters.,"Trump supporters protested in Washington, D.C.","A,B,D",11,6,4,16,6,8.0,0.2162984524417103,0.0,
3,6b6b8c95-6a32-4b9b-80f6-3cd8f37dae8f,"Capitol Police Chief Steven Sund, House Sergeant at Arms Paul Irving, and Senate Sergeant at Arms Michael Stenger resigned.","The House and Senate recessed, and the Capitol was locked down.",Supporters stormed the U.S. Capitol.,Congress confirmed Biden as president in the early hours of January 7th.,Protesters clashed with police and breached security barriers at the Capitol.,"A,B,D",19,11,5,12,11,9.75,0.09228487242777345,0.08515902646512843,
8,92b1a66d-d936-4c5c-80fa-3ea122d182fe,Myanmar's military-dominated government issued a plea for outside help.,The earthquake caused significant damage and displacement across Myanmar.,The earthquake caused significant damage and displacement across Myanmar.,"A high-rise under construction collapsed in Bangkok, Thailand, causing casualties.",The earthquake caused significant damage and displacement across Myanmar.,"A,B,D",9,9,9,10,9,9.25,0.09464906451793541,0.055001224474329966,
9,bf4d0bba-05ed-4214-8721-f5c01bd9c374,OPM offered federal workers the option to resign with pay.,David Lebryk departed his position at the Treasury Department.,Musk allies took top positions in federal agencies.,Mr. Musk stated DOGE participants will not be paid and requested they work 80-hour weeks.,DOGE representatives spoke with staff at over a dozen federal agencies.,B,10,9,8,15,11,10.75,0.03136774583227461,0.038672856081955975,0.08103698688928546
7,2f84b1d6-f1df-4c1c-80c3-d140b6ccfaa9,Opposition legislators filed an impeachment motion against President Yoon on Wednesday.,President Yoon Suk Yeol declared martial law on December 3 and sent soldiers to parliament.,Baek Jae Gil performed his protest anthem for thousands outside the National Assembly in Seoul.,Tens of thousands of protesters gathered outside the National Assembly in Seoul.,Lawmakers at the National Assembly unanimously annulled martial law.,"A,D",11,15,15,12,9,12.75,0.25103416720510646,0.0388651721609398,
10,4748b126-8ec9-4622-bc1b-faa17f340f24,President Trump announced a plan to impose additional 25% tariffs on Canadian steel and aluminum imports.,None of the others are correct causes.,Ontario placed a 25% tax on electricity exports to the U.S.,The 16th Amendment was ratified in 1913.,"William McKinley died on Sept. 14, 1901.",A,16,7,11,7,7,8.0,0.3215251618336527,0.020055132843502712,0.0
7,0032bdde-651c-4dc8-82d5-316a6dba096d,Yoon's senior aides and defense minister offered to resign.,Tens of thousands of protesters gathered outside the National Assembly in Seoul.,President Yoon Suk Yeol declared martial law on December 3 and sent soldiers to parliament.,Baek Jae Gil performed his protest anthem for thousands outside the National Assembly in Seoul.,Tens of thousands of protesters gathered outside the National Assembly in Seoul.,"A,B,D",9,12,15,15,12,13.5,0.058615513593125286,0.019334404198605118,
1,fc3fa097-28e1-4388-ba83-935ca5995909,Nicola Sturgeon stated the Scottish government would prepare legislation for a new independence referendum.,Cameron's attempt to renegotiate the U.K.'s EU membership terms failed.,The nation divided into 'remain' and 'leave' camps.,Global markets plunged following the Brexit vote.,Northern Ireland and Scotland voted to remain in the EU.,D,14,10,8,7,10,8.75,0.02563230335741065,0.0,0.0
2,2877d8e3-20a1-4b06-87e7-a95fa999850e,"Lockdowns obstructed agricultural flow, resulting in hiked food prices, food shortages, malnutrition, and deaths.",The Italian government called in the military to enforce its lockdown and ordered non-essential businesses to close by March 22.,The coronavirus pandemic halted the global economy.,"The healthcare system shifted attention to COVID-19 patients, disrupting services for other medical conditions and resulting in many deaths.","The WHO was notified of a cluster of unusual pneumonia cases in Wuhan City, China on Dec. 31.",A,14,20,7,19,18,16.0,0.0,0.02654390694020003,0.0
2,655a85f1-057c-4ed8-bce4-d342fe1efc37,President Donald Trump signed a multibillion-dollar emergency aid package.,COVID-19 triggered a financial-market meltdown.,Chinese authorities identified SARS-CoV-2 as the new coronavirus.,"The healthcare system shifted attention to COVID-19 patients, disrupting services for other medical conditions and resulting in many deaths.",The U.S. government mandated port and border closures and authorized immediate repatriation of asylum seekers on March 21.,A,9,5,8,19,18,12.5,0.027291265750551442,0.0,0.0
3,56727f61-4ad2-4fb4-a227-1bde3e2b07c5,The congressional certification of Joe Biden’s victory was halted.,Protesters clashed with police and breached security barriers at the Capitol.,"The House and Senate recessed, and the Capitol was locked down.","The House and Senate recessed, and the Capitol was locked down.",Five people died during the riots.,"A,B,C",9,11,11,11,6,9.75,0.05281124394736155,0.0,
7,e5ed78cf-8b53-4cb8-9e72-681b48953015,Yoon's senior aides and defense minister offered to resign.,Opposition legislators filed an impeachment motion against President Yoon on Wednesday.,Baek Jae Gil performed his protest anthem for thousands outside the National Assembly in Seoul.,President Yoon Suk Yeol declared martial law on December 3 and sent soldiers to parliament.,Lawmakers at the National Assembly unanimously annulled martial law.,"C,D",9,11,15,15,9,12.5,0.058615513593125286,0.030972977410972123,
1,9ed72cdb-3d00-4c20-a58c-9521315ae1a0,Nicola Sturgeon stated the Scottish government would prepare legislation for a new independence referendum.,The UK voted to leave the EU in a June 23 referendum.,The Conservative Party won the election.,The UK voted to leave the EU in a June 23 referendum.,The nation divided into 'remain' and 'leave' camps.,"A,C",14,12,6,12,8,9.5,0.02563230335741065,0.03580600018907408,
2,c6045110-90b7-414e-b345-4af2fa731458,The U.S. government mandated port and border closures and authorized immediate repatriation of asylum seekers on March 21.,Chinese authorities identified SARS-CoV-2 as the new coronavirus.,"The WHO was notified of a cluster of unusual pneumonia cases in Wuhan City, China on Dec. 31.",COVID-19 forced countries into lockdown.,"The World Health Organization (WHO) officially declared the situation a pandemic on March 11, 2020.",D,18,8,18,5,15,11.5,0.004538146991101726,0.01534619464575565,0.0613847785830226
3,bc3db74d-e38e-4f58-a5f4-e55e54affd27,"The D.C. National Guard was activated, and a citywide curfew was imposed.",Pipe bombs were reported at the Republican National Committee building and the Democratic National Committee headquarters.,Supporters stormed the U.S. Capitol.,"Trump supporters protested in Washington, D.C.",Protesters clashed with police and breached security barriers at the Capitol.,"B,C,D",12,16,5,6,11,9.5,0.0,0.03711997049437739,
3,67c84393-1faa-4bc9-a783-cf2b17ad20a4,Congress confirmed Biden as president in the early hours of January 7th.,A woman was shot inside the Capitol and died.,Trump addressed the crowd.,The FBI and ATF cleared the Capitol.,Five people died during the riots.,C,12,9,4,7,6,6.5,0.04681985593632605,0.0,0.0
10,13ea4d92-c739-46d5-8e13-3b93cecfca35,The US Senate will likely vote on Wednesday on a bill to halt Trump’s tariffs on Canadian imports.,"The White House did not apply tariffs to Russia, North Korea, Cuba, and Belarus.",The tariff announcement triggered a global meltdown in stock markets.,Trump previously applied a 25% tariff on many exports from Canada and Mexico.,"President Trump announced a new tariff system on Wednesday, substituting America's longstanding import tax system.","C,D",18,14,10,13,15,13.0,0.353572056391449,0.06610367785275201,
1,7e88d4ac-0e33-43ea-9b5b-144a665c096d,Over three million Brits called for a do-over.,The referendum date was set in February.,Cameron's attempt to renegotiate the U.K.'s EU membership terms failed.,The nation divided into 'remain' and 'leave' camps.,The United Kingdom held a referendum on June 23.,D,8,7,10,8,9,8.5,0.0,0.0,0.0
3,5814ed9e-f74d-4e19-9a33-2c80888a621d,The FBI and ATF cleared the Capitol.,"Trump supporters protested in Washington, D.C.",Five people died during the riots.,Pipe bombs were reported at the Republican National Committee building and the Democratic National Committee headquarters.,Trump addressed the crowd.,A,7,6,6,16,4,8.0,0.15157944382397978,0.0,0.0
2,2ad51abf-3c48-4be9-9d22-45f29f2eeca0,The U.S. government mandated port and border closures and authorized immediate repatriation of asylum seekers on March 21.,Chinese authorities identified SARS-CoV-2 as the new coronavirus.,COVID-19 forced countries into lockdown.,"The WHO was notified of a cluster of unusual pneumonia cases in Wuhan City, China on Dec. 31.","The World Health Organization (WHO) officially declared the situation a pandemic on March 11, 2020.",D,18,8,5,18,15,11.5,0.004538146991101726,0.01534619464575565,0.0613847785830226
4,01d7f748-1191-403b-a108-f8a236a3729f,"Security arrested the suspected gunman, Tetsuya Yamagami.",Shinzo Abe promoted the Quadrilateral Security Dialogue (Quad).,A man fired twice at Shinzo Abe.,Former Japanese Prime Minister Shinzo Abe was assassinated at a campaign rally.,Shinzo Abe became the deputy chief cabinet secretary in the early 2000s.,"B,C",7,8,7,12,12,9.75,0.012150671783096374,0.029775130400514976,
3,389c510b-231d-4c9f-a08c-9c18dc7ac98f,Congress confirmed Biden as president in the early hours of January 7th.,Supporters stormed the U.S. Capitol.,Five people died during the riots.,A woman was shot inside the Capitol and died.,Supporters stormed the U.S. Capitol.,"A,D",12,5,6,9,5,6.25,0.04681985593632605,0.0,
7,c51e7180-f20e-442b-a4a5-37559745710a,Opposition legislators filed an impeachment motion against President Yoon on Wednesday.,President Yoon Suk Yeol declared martial law on December 3 and sent soldiers to parliament.,President Yoon Suk Yeol declared martial law on December 3 and sent soldiers to parliament.,Lawmakers at the National Assembly unanimously annulled martial law.,Tens of thousands of protesters gathered outside the National Assembly in Seoul.,"A,B,C",11,15,15,9,12,12.75,0.25103416720510646,0.06777068786204679,
3,1d2fd7c9-106f-4643-91af-8ef222bd0316,The congressional certification of Joe Biden’s victory was halted.,Supporters stormed the U.S. Capitol.,Supporters stormed the U.S. Capitol.,Pipe bombs were reported at the Republican National Committee building and the Democratic National Committee headquarters.,Trump urged supporters to march to the Capitol.,"A,B,D",9,5,5,16,8,8.5,0.05281124394736155,0.0,
2,8f0b275e-28f7-42aa-a158-c4395767bbf6,The Italian government called in the military to enforce its lockdown and ordered non-essential businesses to close by March 22.,Chinese authorities identified SARS-CoV-2 as the new coronavirus.,COVID-19 forced countries into lockdown.,The U.S. government mandated port and border closures and authorized immediate repatriation of asylum seekers on March 21.,"The WHO was notified of a cluster of unusual pneumonia cases in Wuhan City, China on Dec. 31.",B,20,8,5,18,18,12.25,0.008885012050367468,0.04982723076031672,0.0873015315395093
10,e746a660-7501-4f40-af40-277a60534c4f,Premier Ford paused Ontario's electricity surcharge.,None of the others are correct causes.,"William McKinley was shot by anarchist Leon Czolgosz on Sept. 6, 1901.",Trump previously applied a 25% tariff on many exports from Canada and Mexico.,President Trump placed 25% tariffs on imports from Canada.,A,6,7,12,13,9,10.25,0.0,0.0,0.0
7,efe356e4-51ed-4c26-93a3-bb82e363b44a,Prime Minister Han Duck-soo became acting president.,Lawmakers voted down the martial law decree.,Lawmakers at the National Assembly unanimously annulled martial law.,South Korea’s parliament voted to impeach President Yoon Suk Yeol.,Baek Jae Gil performed his protest anthem for thousands outside the National Assembly in Seoul.,C,7,7,9,10,15,10.25,0.07663198043402415,0.021899656380285775,0.0875986255211431
3,6664ec74-285f-478b-ba3b-98c5faeef0c2,"Capitol Police Chief Steven Sund, House Sergeant at Arms Paul Irving, and Senate Sergeant at Arms Michael Stenger resigned.","The House and Senate recessed, and the Capitol was locked down.","The House and Senate recessed, and the Capitol was locked down.","The D.C. National Guard was activated, and a citywide curfew was imposed.","The Capitol was secured, and lawmakers reconvened to continue certification.","A,B,D",19,11,11,12,10,11.0,0.09228487242777345,0.09775534983409209,
1,183792ba-5343-46fb-905d-76319f3f2532,Nicola Sturgeon stated the Scottish government would prepare legislation for a new independence referendum.,Northern Ireland and Scotland voted to remain in the EU.,The UK voted to leave the EU in a June 23 referendum.,The nation divided into 'remain' and 'leave' camps.,Prime Minister David Cameron pledged a referendum on EU membership in 2013.,"A,B",14,10,12,8,12,10.5,0.02563230335741065,0.02897934519874331,
8,3673796c-9e26-4361-9587-398456db4e5d,Authorities in Myanmar and Thailand declared a state of emergency.,Myanmar's ruling junta chief reported at least 144 people killed and over 732 injured.,"The earthquake affected Bangkok, Thailand, and tremors were felt in China's Yunnan province.",The United Nations mobilized help for Myanmar on Friday.,The earthquake caused the collapse of the Old Sagaing Bridge and several buildings.,"A,B,D",10,14,13,9,13,12.25,0.11368144837935762,0.06243631704018042,
3,3ee11065-c9d0-4338-b4df-bdb4804faa60,The FBI and ATF cleared the Capitol.,Supporters stormed the U.S. Capitol.,Pipe bombs were reported at the Republican National Committee building and the Democratic National Committee headquarters.,Trump addressed the crowd.,A woman was shot inside the Capitol and died.,A,7,5,16,4,9,8.5,0.15157944382397978,0.06721574651925016,0.15435065132631018
3,fa9daed6-c26f-4e20-8daf-6d571aa4aec1,The congressional certification of Joe Biden’s victory was halted.,Trump addressed the crowd.,Supporters stormed the U.S. Capitol.,Protesters clashed with police and breached security barriers at the Capitol.,"The House and Senate recessed, and the Capitol was locked down.","B,C,D",9,4,5,11,11,7.75,0.05281124394736155,0.0,
10,69386c5b-5b96-44ff-a2ac-9a2fd29e9adf,Ontario placed a 25% tax on electricity exports to the U.S.,"William McKinley died on Sept. 14, 1901.",The 16th Amendment was ratified in 1913.,None of the others are correct causes.,"William McKinley was shot by anarchist Leon Czolgosz on Sept. 6, 1901.",C,11,7,7,7,12,8.25,0.005289564541015955,0.0,0.0
10,3d4034f0-1865-41ec-b41b-09f46bdcf8d6,"Delta Air Lines, Southwest Airlines, and American Airlines lowered their Q1 projections.",None of the others are correct causes.,President Trump reversed his plan to raise tariffs on Canadian steel and aluminum imports.,"President Trump announced a new tariff system on Wednesday, substituting America's longstanding import tax system.",Premier Ford paused Ontario's electricity surcharge.,A,12,7,14,15,6,10.5,0.0036591554225569416,0.0,0.0
3,a40f20fe-2dda-4656-af76-a3f07a26bdcb,Five people died during the riots.,Pipe bombs were reported at the Republican National Committee building and the Democratic National Committee headquarters.,Supporters stormed the U.S. Capitol.,Trump urged supporters to march to the Capitol.,Trump addressed the crowd.,B,6,16,5,8,4,8.25,0.01669211869493508,0.0,0.0
3,94d39fb7-dd38-4eea-896d-d9896f4b21fa,The congressional certification of Joe Biden’s victory was halted.,"The House and Senate recessed, and the Capitol was locked down.",A woman was shot inside the Capitol and died.,Five people died during the riots.,Trump addressed the crowd.,A,9,11,9,6,4,7.5,0.05281124394736155,0.0,0.0
7,85af72be-51bf-4aed-8db8-7c6486a2b619,President Yoon Suk Yeol was immediately suspended from exercising his powers.,Yoon's senior aides and defense minister offered to resign.,South Korea’s parliament voted to impeach President Yoon Suk Yeol.,Lawmakers at the National Assembly unanimously annulled martial law.,Lawmakers voted down the martial law decree.,B,11,9,10,9,7,8.75,0.2355950500780263,0.10680037478661607,0.3573922285019126
3,da2fb976-f274-4633-bae8-ffca8d22c4fd,"Capitol Police Chief Steven Sund, House Sergeant at Arms Paul Irving, and Senate Sergeant at Arms Michael Stenger resigned.",Congress confirmed Biden as president in the early hours of January 7th.,The congressional certification of Joe Biden’s victory was halted.,None of the others are correct causes.,"Trump supporters protested in Washington, D.C.",C,19,12,9,7,6,8.5,0.09228487242777345,0.0,0.0
3,7f8e301e-0115-490b-9ce4-019f21a5f226,Twitter removed Trump's tweets and locked his account.,Pipe bombs were reported at the Republican National Committee building and the Democratic National Committee headquarters.,Supporters stormed the U.S. Capitol.,Five people died during the riots.,A woman was shot inside the Capitol and died.,B,8,16,5,6,9,9.0,0.08778672877110412,0.0,0.0
9,05852dde-071a-47ed-9035-2304d3784c90,The United States Digital Service was renamed United States DOGE Service.,The order to halt federal grants was rescinded.,David Lebryk departed his position at the Treasury Department.,Elon Musk tempered his initial promise for federal spending cuts from $2 trillion to $1 trillion.,None of the others are correct causes.,D,11,8,9,16,7,10.0,0.03172145992427598,0.0,0.0
3,d7eed9c3-feff-4362-9d56-e5692a3a6347,Congress confirmed Biden as president in the early hours of January 7th.,A woman was shot inside the Capitol and died.,Trump addressed the crowd.,The FBI and ATF cleared the Capitol.,"The Capitol was secured, and lawmakers reconvened to continue certification.","C,D",12,9,4,7,10,7.5,0.04681985593632605,0.0,
1,b5383e48-eb38-440c-8a04-3a6dd29dff7f,Northern Ireland and Scotland voted to remain in the EU.,Cameron's attempt to renegotiate the U.K.'s EU membership terms failed.,The United Kingdom held a referendum on June 23.,Prime Minister David Cameron pledged a referendum on EU membership in 2013.,The referendum date was set in February.,B,10,10,9,12,7,9.5,0.09274470985760458,0.037936034003360264,0.0
9,c0f8a010-019b-4ab8-96c3-7d30ba5ab414,Mr. Musk stated DOGE participants will not be paid and requested they work 80-hour weeks.,Mr. Trump stated DOGE's purpose is to advise on cutting wasteful spending.,Trump appointed Elon Musk and Vivek Ramaswamy as co-leaders of the Department of Government Efficiency (DOGE).,DOGE representatives spoke with staff at over a dozen federal agencies.,Elon Musk contributed $277 million to Trump's and other Republicans' 2024 campaigns.,B,15,12,16,11,12,12.75,0.14996054968105654,0.09595969464286344,0.085424478397882
9,3300203b-f240-4ed0-8bca-3598c618e65a,Trump issued an order to halt federal grants.,Elon Musk contributed $277 million to Trump's and other Republicans' 2024 campaigns.,Musk allies took top positions in federal agencies.,Mr. Musk stated DOGE participants will not be paid and requested they work 80-hour weeks.,None of the others are correct causes.,D,8,12,8,15,7,10.5,0.09512510032659809,0.056128920549202904,0.0
10,3f8dd720-d3fc-4cae-a239-00d555ab12d0,The S&P 500 fell below its 200-day moving average on Monday.,"President Trump announced a new tariff system on Wednesday, substituting America's longstanding import tax system.","The White House did not apply tariffs to Russia, North Korea, Cuba, and Belarus.",Trump announced tariffs on Chinese goods and any country buying oil from Venezuela.,Trump previously applied a 25% tariff on many exports from Canada and Mexico.,A,11,15,14,13,13,13.75,0.042451711903448555,0.0,0.0
5,82e29ae1-0dab-407a-8535-b805077508fa,Musk fired top Twitter executives.,Twitter sued Elon Musk to force the acquisition.,None of the others are correct causes.,The Delaware Chancery Court ordered a Friday deadline for the Twitter acquisition deal to close in early October.,Elon Musk changed his profile to ‘Chief Twit’.,B,5,8,7,18,8,10.25,0.4025031469958252,0.1132455150456534,0.0
1,fced814f-6543-40be-a1f8-05c74e92d4d1,David Cameron announced his resignation as Prime Minister.,The United Kingdom held a referendum on June 23.,The Conservative Party won the election.,The UK voted to leave the EU in a June 23 referendum.,The referendum date was set in February.,"A,C",8,9,6,12,7,8.5,0.10291303044959747,0.0,
3,23892f93-6ed9-458e-b22d-adc6bb2eb87b,Congress confirmed Biden as president in the early hours of January 7th.,Supporters stormed the U.S. Capitol.,A woman was shot inside the Capitol and died.,The FBI and ATF cleared the Capitol.,The FBI and ATF cleared the Capitol.,"A,C,D",12,5,9,7,7,7.0,0.04681985593632605,0.0,
1,ddc7903d-7bba-40f6-8c06-5fd0085f5d0b,The United Kingdom held a referendum on June 23.,Cameron's attempt to renegotiate the U.K.'s EU membership terms failed.,The Conservative Party won the election.,Prime Minister David Cameron pledged a referendum on EU membership in 2013.,The nation divided into 'remain' and 'leave' camps.,"B,C",9,10,6,12,8,9.0,0.0704638195097307,0.024825277525106416,
8,c463d379-cac2-4791-840a-40a9bef24194,Myanmar's ruling junta chief reported at least 144 people killed and over 732 injured.,"The earthquake affected Bangkok, Thailand, and tremors were felt in China's Yunnan province.","A high-rise under construction collapsed in Bangkok, Thailand, causing casualties.",The earthquake caused significant damage and displacement across Myanmar.,"Mandalay General Hospital became full, stopped admitting patients, and lost power and water.",C,14,13,10,9,13,11.25,0.11779317876373582,0.022749285015026377,0.09099714006010551
1,972d5f79-a674-4361-bb35-80d20b350fce,Nicola Sturgeon stated the Scottish government would prepare legislation for a new independence referendum.,Northern Ireland and Scotland voted to remain in the EU.,The referendum date was set in February.,The nation divided into 'remain' and 'leave' camps.,Global markets plunged following the Brexit vote.,A,14,10,7,8,7,8.0,0.02563230335741065,0.02741446747883156,0.0
1,48d03e4c-1497-4831-84b4-6f654a215624,Nicola Sturgeon stated the Scottish government would prepare legislation for a new independence referendum.,Cameron's attempt to renegotiate the U.K.'s EU membership terms failed.,The UK voted to leave the EU in a June 23 referendum.,The British pound plunged in value.,The referendum date was set in February.,B,14,10,12,6,7,8.75,0.02563230335741065,0.03441376173959331,0.059081205346417726
7,35e4c617-1940-42a2-8b6e-bde5ccf77c75,"South Korean prosecutors detained former defense minister Kim Yong-hyun, who allegedly recommended the martial law imposition.",Baek Jae Gil performed his protest anthem for thousands outside the National Assembly in Seoul.,President Yoon Suk Yeol declared martial law on December 3 and sent soldiers to parliament.,South Korea’s parliament voted to impeach President Yoon Suk Yeol.,Opposition legislators filed an impeachment motion against President Yoon on Wednesday.,B,16,15,15,10,11,12.75,0.09866933352241757,0.04940713388751161,0.12669293455810637
8,efcfffdf-b372-46dc-ad47-9b5afb87baca,India sent approximately 15 tonnes of relief material to Myanmar via an IAF C-130J aircraft.,"Mandalay General Hospital became full, stopped admitting patients, and lost power and water.",Authorities in Myanmar and Thailand declared a state of emergency.,"A M7.7 earthquake struck Myanmar on March 28, 2025, followed by a M6.7 aftershock.",The United Nations mobilized help for Myanmar on Friday.,"B,C",15,13,10,14,9,11.5,0.07644721148305532,0.02951913325254927,
7,acc5e4ce-fea5-4a8b-82c2-fca649be3d45,Lawmakers voted down the martial law decree.,Tens of thousands of protesters gathered outside the National Assembly in Seoul.,Yoon's senior aides and defense minister offered to resign.,Hundreds of soldiers stormed the National Assembly.,President Yoon Suk Yeol declared martial law on December 3 and sent soldiers to parliament.,"C,D",7,12,9,7,15,10.75,0.1282016971785539,0.05063488032495869,
7,a51a9e53-c170-45e1-a0c5-62fa3ac71866,Prime Minister Han Duck-soo became acting president.,President Yoon Suk Yeol was immediately suspended from exercising his powers.,Tens of thousands of protesters gathered outside the National Assembly in Seoul.,President Yoon Suk Yeol was immediately suspended from exercising his powers.,Lawmakers voted down the martial law decree.,"A,C",7,11,12,11,7,10.25,0.07663198043402415,0.039474538632143986,
1,429b8e22-6e0d-4877-b2f6-40f1074ea77e,Global markets plunged following the Brexit vote.,The referendum date was set in February.,The UK voted to leave the EU in a June 23 referendum.,Prime Minister David Cameron pledged a referendum on EU membership in 2013.,Cameron's attempt to renegotiate the U.K.'s EU membership terms failed.,B,7,7,12,12,10,10.25,0.08367576777612448,0.0,0.0
4,e35e14f6-12b9-4907-94a8-de1b5121e0d3,Yoshihide Suga succeeded Shinzo Abe in September 2020.,Shinzo Abe became the deputy chief cabinet secretary in the early 2000s.,Shinzo Abe became the youngest prime minister in postwar Japan in 2006.,Shinzo Abe offered to host a peace summit in 2017.,None of the others are correct causes.,D,8,12,12,10,7,10.25,0.23074966054235313,0.0800745690035277,0.0
2,27ff9570-7905-4554-b1d7-7a9d6a09edcd,"The Iranian government issued an intercity travel ban and closed schools, universities, national parks, and non-essential businesses on March 26.","The WHO was notified of a cluster of unusual pneumonia cases in Wuhan City, China on Dec. 31.",Chinese authorities identified SARS-CoV-2 as the new coronavirus.,The Italian government called in the military to enforce its lockdown and ordered non-essential businesses to close by March 22.,COVID-19 forced countries into lockdown.,D,20,18,8,20,5,12.75,0.007947822652772123,0.06525819742384689,0.0
2,e59f0654-b232-4275-8133-1b4eaabf4b53,The Italian government called in the military to enforce its lockdown and ordered non-essential businesses to close by March 22.,"The WHO was notified of a cluster of unusual pneumonia cases in Wuhan City, China on Dec. 31.","The World Health Organization (WHO) officially declared the situation a pandemic on March 11, 2020.",Chinese authorities identified SARS-CoV-2 as the new coronavirus.,The U.S. government mandated port and border closures and authorized immediate repatriation of asylum seekers on March 21.,B,20,18,15,8,18,14.75,0.008885012050367468,0.03420482343685355,0.04194802452085428
3,7a89f387-4973-4a54-841e-42677f4dd8cb,Congress confirmed Biden as president in the early hours of January 7th.,"The Capitol was secured, and lawmakers reconvened to continue certification.",Five people died during the riots.,A woman was shot inside the Capitol and died.,Pipe bombs were reported at the Republican National Committee building and the Democratic National Committee headquarters.,A,12,10,6,9,16,10.25,0.04681985593632605,0.0,0.0
7,8a5bd513-06d9-4a85-b6b4-179a41d78ebe,Lawmakers voted down the martial law decree.,Lawmakers at the National Assembly unanimously annulled martial law.,Hundreds of soldiers stormed the National Assembly.,President Yoon Suk Yeol declared martial law on December 3 and sent soldiers to parliament.,Baek Jae Gil performed his protest anthem for thousands outside the National Assembly in Seoul.,"B,C",7,9,7,15,15,11.5,0.1282016971785539,0.13597816437027502,
2,791cbcf2-04dd-4654-a053-65736539f9bd,"The Iranian government issued an intercity travel ban and closed schools, universities, national parks, and non-essential businesses on March 26.",The U.S. government mandated port and border closures and authorized immediate repatriation of asylum seekers on March 21.,COVID-19 forced countries into lockdown.,COVID-19 forced countries into lockdown.,Chinese authorities identified SARS-CoV-2 as the new coronavirus.,"B,C",20,18,5,5,8,9.0,0.007947822652772123,0.02474849882187486,
10,33b543bc-e14f-4dc3-9d44-d470e46ba18c,The S&P 500 fell below its 200-day moving average on Monday.,"The White House did not apply tariffs to Russia, North Korea, Cuba, and Belarus.","President Trump announced a new tariff system on Wednesday, substituting America's longstanding import tax system.",Tariffs on imported steel and aluminum are in effect.,The tariff announcement triggered a global meltdown in stock markets.,"B,D",11,14,15,9,10,12.0,0.042451711903448555,0.0,
1,3abcc923-a9e0-4788-95f3-520b306ff49b,The United Kingdom held a referendum on June 23.,The nation divided into 'remain' and 'leave' camps.,The Conservative Party won the election.,The Conservative Party won the election.,Cameron's attempt to renegotiate the U.K.'s EU membership terms failed.,"B,C",9,8,6,6,10,7.5,0.0704638195097307,0.0,
3,3d7edb34-875d-466e-b26e-d5a067c22c9e,"The D.C. National Guard was activated, and a citywide curfew was imposed.",The congressional certification of Joe Biden’s victory was halted.,Pipe bombs were reported at the Republican National Committee building and the Democratic National Committee headquarters.,Protesters clashed with police and breached security barriers at the Capitol.,A woman was shot inside the Capitol and died.,C,12,9,16,11,9,11.25,0.0,0.03711997049437739,0.0
3,0951a9fb-1af0-45ff-aee1-64791e053a35,"Capitol Police Chief Steven Sund, House Sergeant at Arms Paul Irving, and Senate Sergeant at Arms Michael Stenger resigned.",The congressional certification of Joe Biden’s victory was halted.,Protesters clashed with police and breached security barriers at the Capitol.,"The Capitol was secured, and lawmakers reconvened to continue certification.","The D.C. National Guard was activated, and a citywide curfew was imposed.","B,C",19,9,11,10,12,10.5,0.09228487242777345,0.036827264591466416,
9,14692e46-d589-4e99-94c7-a456b939209b,OPM offered federal workers the option to resign with pay.,Elon Musk and Vivek Ramaswamy increased hiring for DOGE.,None of the others are correct causes.,Elon Musk contributed $277 million to Trump's and other Republicans' 2024 campaigns.,DOGE representatives spoke with staff at over a dozen federal agencies.,B,10,9,7,12,11,9.75,0.03136774583227461,0.02513569273970446,0.0
3,15b70c89-77ee-4849-a32e-4740dc8e5c93,"The D.C. National Guard was activated, and a citywide curfew was imposed.","Trump supporters protested in Washington, D.C.",Supporters stormed the U.S. Capitol.,The congressional certification of Joe Biden’s victory was halted.,Supporters stormed the U.S. Capitol.,"A,B,D",12,6,5,9,5,6.25,0.0,0.0,
3,fc74f270-2420-486f-8505-4668d7770271,"The Capitol was secured, and lawmakers reconvened to continue certification.",A woman was shot inside the Capitol and died.,"The D.C. National Guard was activated, and a citywide curfew was imposed.",Trump addressed the crowd.,The FBI and ATF cleared the Capitol.,D,10,9,12,4,7,8.0,0.16053825918556267,0.048643441857201916,0.10347149214250922
8,ccc1f9ee-71d0-4d23-8e73-3fee278c40ee,"By April 3, 2025, the death toll from the earthquake reached 4,390 in Myanmar, with over 5,490 injured.","A M7.7 earthquake struck Myanmar on March 28, 2025, followed by a M6.7 aftershock.",Authorities in Myanmar and Thailand declared a state of emergency.,"A high-rise under construction collapsed in Bangkok, Thailand, causing casualties.",The earthquake caused the collapse of the Old Sagaing Bridge and several buildings.,"A,D",18,14,10,10,13,11.75,0.26680636299697974,0.07735849037792444,
3,23e3e3bb-54a3-48bf-838c-54c93d0d60b2,"The D.C. National Guard was activated, and a citywide curfew was imposed.",Pipe bombs were reported at the Republican National Committee building and the Democratic National Committee headquarters.,The congressional certification of Joe Biden’s victory was halted.,None of the others are correct causes.,A woman was shot inside the Capitol and died.,C,12,16,9,7,9,10.25,0.0,0.03711997049437739,0.0
1,9fa94de3-f9e8-4899-8472-7535c2b38a45,Sinn Fein called for a referendum on Irish unity.,David Cameron announced his resignation as Prime Minister.,The nation divided into 'remain' and 'leave' camps.,The United Kingdom held a referendum on June 23.,The UK voted to leave the EU in a June 23 referendum.,"C,D",9,8,8,9,12,9.25,0.021848213173481068,0.042709584055158116,
10,ccf6b451-d05a-4add-bb47-55cea7cc9301,The tariff announcement triggered a global meltdown in stock markets.,"William McKinley died on Sept. 14, 1901.",President Trump placed 25% tariffs on imports from Canada.,"President Trump announced a new tariff system on Wednesday, substituting America's longstanding import tax system.",The 16th Amendment was ratified in 1913.,C,10,7,9,15,7,9.5,0.05853783689680478,0.020001048627978257,0.08000419451191303
8,132f4c3e-29b5-406b-aad1-0578a1ecfa20,"By April 3, 2025, the death toll from the earthquake reached 4,390 in Myanmar, with over 5,490 injured.",The earthquake caused significant damage and displacement across Myanmar.,The earthquake caused significant damage and displacement across Myanmar.,"A high-rise under construction collapsed in Bangkok, Thailand, causing casualties.",The earthquake caused significant damage and displacement across Myanmar.,"A,B,D",18,9,9,10,9,9.25,0.26680636299697974,0.10396116929627028,
4,df1ddfbe-88fe-40c5-b6de-33f4153e5fa6,Social media companies removed harmful content.,Videos of the assassination circulated on social media.,A man fired twice at Shinzo Abe.,Benjamin Netanyahu visited Tokyo in 2014.,Shinzo Abe coined the phrase 'a free and open Indo-Pacific'.,A,6,8,7,6,10,7.75,0.0,0.06814834072329272,0.2725933628931709
3,7a530aec-8af2-4347-8d32-03b7dd0a02ba,Congress confirmed Biden as president in the early hours of January 7th.,A woman was shot inside the Capitol and died.,Trump addressed the crowd.,Pipe bombs were reported at the Republican National Committee building and the Democratic National Committee headquarters.,Supporters stormed the U.S. Capitol.,D,12,9,4,16,5,8.5,0.04681985593632605,0.0,0.0
2,de5e1d43-b052-4f12-9b2c-78f0cf10a874,Clinical trials began to test potential treatments and vaccines for COVID-19.,"The World Health Organization (WHO) officially declared the situation a pandemic on March 11, 2020.",The U.S. government mandated port and border closures and authorized immediate repatriation of asylum seekers on March 21.,"The Iranian government issued an intercity travel ban and closed schools, universities, national parks, and non-essential businesses on March 26.",Chinese authorities identified SARS-CoV-2 as the new coronavirus.,D,11,15,18,20,8,15.25,0.11737662334440951,0.0,0.0
10,e829c7c5-05fd-4311-8c89-9b38edd6ca87,"The new 10% tariffs will go into effect on Saturday, and reciprocal rates next Wednesday.",President Trump reversed his plan to raise tariffs on Canadian steel and aluminum imports.,"President Trump announced a new tariff system on Wednesday, substituting America's longstanding import tax system.",The 16th Amendment was ratified in 1913.,Trump previously applied a 25% tariff on many exports from Canada and Mexico.,B,15,14,15,7,13,12.25,0.18472269778019265,0.06188708299338758,0.16409683358577423
7,59e08446-bb21-4538-a0a7-866ded99ec0c,South Korea’s parliament voted to impeach President Yoon Suk Yeol.,Lawmakers voted down the martial law decree.,Tens of thousands of protesters gathered outside the National Assembly in Seoul.,Lawmakers at the National Assembly unanimously annulled martial law.,Lawmakers voted down the martial law decree.,"A,C,D",10,7,12,9,7,8.75,0.6116218454942287,0.049342223475642905,
7,5c257734-1c5b-4fe3-b276-3e00bac07105,Opposition legislators filed an impeachment motion against President Yoon on Wednesday.,Baek Jae Gil performed his protest anthem for thousands outside the National Assembly in Seoul.,Hundreds of soldiers stormed the National Assembly.,President Yoon Suk Yeol declared martial law on December 3 and sent soldiers to parliament.,Hundreds of soldiers stormed the National Assembly.,"B,C,D",11,15,7,15,7,11.0,0.25103416720510646,0.03857172582923315,
4,bdcdcd5c-bf77-40ae-ba90-8f5633212cd3,Former Japanese Prime Minister Shinzo Abe was assassinated at a campaign rally.,Shinzo Abe offered to host a peace summit in 2017.,Shinzo Abe promoted the Quadrilateral Security Dialogue (Quad).,None of the others are correct causes.,Shinzo Abe became the youngest prime minister in postwar Japan in 2006.,C,12,10,8,7,12,9.25,0.5267987658890642,0.1364322215263625,0.0
4,ab96f31d-3c31-4761-9c4b-66bf5d7bb275,Shinzo Abe was pronounced dead at 5:03 p.m.,Former Japanese Prime Minister Shinzo Abe was assassinated at a campaign rally.,A man fired twice at Shinzo Abe.,Yoshihide Suga succeeded Shinzo Abe in September 2020.,Shinzo Abe returned to office in 2012 and later became the longest-serving prime minister.,"A,B",8,12,7,8,14,10.25,0.28027467423028635,0.1064191835768982,
1,30fa2668-aa28-4ca7-9275-38bda58d8a1e,Global markets plunged following the Brexit vote.,Northern Ireland and Scotland voted to remain in the EU.,The UK voted to leave the EU in a June 23 referendum.,The UK voted to leave the EU in a June 23 referendum.,The Conservative Party won the election.,"B,C",7,10,12,12,6,10.0,0.08367576777612448,0.0,
10,f4607c16-16d0-4043-91a8-a3037312f67f,The tariff announcement triggered a global meltdown in stock markets.,President Trump reversed his plan to raise tariffs on Canadian steel and aluminum imports.,Trump announced tariffs on Chinese goods and any country buying oil from Venezuela.,Tariffs on imported steel and aluminum are in effect.,"President Trump announced a new tariff system on Wednesday, substituting America's longstanding import tax system.","B,D",10,14,13,9,15,12.75,0.05853783689680478,0.020579328435917008,
5,4c721362-3c4a-4551-8507-1b24e9221966,General Motors announced it would suspend its advertising on Twitter.,The Delaware Chancery Court ordered a Friday deadline for the Twitter acquisition deal to close in early October.,Elon Musk completed his $44 billion takeover of Twitter.,Elon Musk changed his profile to ‘Chief Twit’.,Musk fired top Twitter executives.,B,10,18,9,8,5,10.0,0.11822593969499468,0.045704715224049876,0.05914043854019041
2,3932f3ff-2692-4c7e-8e88-0b7adda2d839,President Vladimir Putin endorsed a proposal to remain in office until 2036.,"The World Health Organization (WHO) officially declared the situation a pandemic on March 11, 2020.",COVID-19 forced countries into lockdown.,None of the others are correct causes.,"The WHO was notified of a cluster of unusual pneumonia cases in Wuhan City, China on Dec. 31.",C,12,15,5,7,18,11.25,0.0,0.0,0.0
10,3f3bf8a7-83e4-4f34-a4a9-32759763685d,President Trump announced a plan to impose additional 25% tariffs on Canadian steel and aluminum imports.,President Trump placed 25% tariffs on imports from Canada.,"William McKinley was shot by anarchist Leon Czolgosz on Sept. 6, 1901.","William McKinley died on Sept. 14, 1901.",Ontario placed a 25% tax on electricity exports to the U.S.,A,16,9,12,7,11,9.75,0.3215251618336527,0.1266369069375504,0.443902857620846
10,3c495e44-e3dc-43c3-8d82-eb5aaae2c9f2,The S&P 500 fell below its 200-day moving average on Monday.,President Trump announced a plan to impose additional 25% tariffs on Canadian steel and aluminum imports.,"President Trump announced a new tariff system on Wednesday, substituting America's longstanding import tax system.",Trump previously applied a 25% tariff on many exports from Canada and Mexico.,"William McKinley was shot by anarchist Leon Czolgosz on Sept. 6, 1901.",B,11,16,15,13,12,14.0,0.042451711903448555,0.0,0.0
